INDEX,NAME_JA,LONGITUDE,LATITUDE,NAME_EN
101,ニューヨーク,-74.006,40.714,New York
102,ロサンゼルス,-118.244,34.052,Los Angeles
103,パリ,2.333333,48.86666667,Paris
104,ロンドン,-0.083333,51.5,London
105,トロント,-79.347015,43.65107,Toronto
106,アブダビ,54.366667,24.46666667,Abu Dhabi
107,アブジャ,7.533333,9.083333333,Abuja
108,アクラ,-0.216667,5.55,Accra
109,アダムスタウン,-130.083333,-25.06666667,Adamstown
110,アディスアベバ,38.7,9.033333333,Addis Ababa
111,アルジェ,3.05,36.75,Algiers
112,アルジェ,3.05,36.75,Algiers
113,アロフィ,-169.916667,-19.01666667,Alofi
114,アンマン,35.933333,31.95,Amman
115,アムステルダム,4.916667,52.35,Amsterdam
116,アンドラ・ラ・ベリャ,1.516667,42.5,Andorra la Vella
117,アンカラ,32.866667,39.93333333,Ankara
118,アンタナナリボ,47.516667,-18.91666667,Antananarivo
119,アピア,-171.766667,-13.81666667,Apia
120,アシガバート,58.383333,37.95,Ashgabat
121,アスマラ,38.933333,15.33333333,Asmara
122,ヌルスルタン,71.416667,51.16666667,Astana
123,アスンシオン,-57.666667,-25.26666667,Asuncion
124,アタフ,-171.833333,-9.166667,Atafu
125,アテネ,23.733333,37.98333333,Athens
126,アバルア,-159.766667,-21.2,Avarua
127,バグダッド,44.4,33.33333333,Baghdad
128,バクー,49.866667,40.38333333,Baku
129,バマコ,-8,12.65,Bamako
130,バンダルスリブガワン,114.933333,4.883333333,Bandar Seri Begawan
131,バンコク,100.516667,13.75,Bangkok
132,バンギ,18.583333,4.366666667,Bangui
133,バンジュール,-16.566667,13.45,Banjul
134,バステール,-62.716667,17.3,Basseterre
135,北京,116.383333,39.91666667,Beijing
136,ベイルート,35.5,33.86666667,Beirut
137,ベオグラード,20.5,44.83333333,Belgrade
138,ベルモパン,-88.766667,17.25,Belmopan
139,ベルリン,13.4,52.51666667,Berlin
140,ベルン,7.466667,46.91666667,Bern
141,ビシュケク,74.6,42.86666667,Bishkek
142,ビサウ,-15.583333,11.85,Bissau
143,ボゴタ,-74.083333,4.6,Bogota
144,クイーンズ区,-73.837,40.681,Borough of Queens
145,ボストン,-71.057,42.3611,Boston
146,ブラジリア,-47.916667,-15.78333333,Brasilia
147,ブラチスラヴァ,17.116667,48.15,Bratislava
148,ブラザヴィル,15.283333,-4.25,Brazzaville
149,ブリッジタウン,-59.616667,13.1,Bridgetown
150,ブロンクス,-73.866,40.85,Bronx
151,ブルックリン,-73.95,40.65,Brooklyn
152,ブリュッセル,4.333333,50.83333333,Brussels
153,ブカレスト,26.1,44.43333333,Bucharest
154,ブダペスト,19.083333,47.5,Budapest
155,ブエノスアイレス,-58.666667,-34.58333333,Buenos Aires
156,ブジュンブラ,29.35,-3.366666667,Bujumbura
157,カイロ,31.25,30.05,Cairo
158,キャンベラ,149.133333,-35.26666667,Canberra
159,カラカス,-66.866667,10.48333333,Caracas
160,カストリーズ,-61,14,Castries
161,シャーロット・アマリー,-64.933333,18.35,Charlotte Amalie
162,シカゴ,-87.65,41.85,Chicago
163,キシナウ,28.85,47,Chisinau
164,コロンボ,79.833333,6.916666667,Colombo
165,コナクリ,-13.7,9.5,Conakry
166,コペンハーゲン,12.583333,55.66666667,Copenhagen
167,ダカール,-17.633333,14.73333333,Dakar
168,ダラス,-96.808,32.779,Dallas
169,ダマスカス,36.3,33.5,Damascus
170,ダルエスサラーム,39.283333,-6.8,Dar es Salaam
171,デンバー,-104.991,39.742,Denver
172,ダッカ,90.4,23.71666667,Dhaka
173,ディエゴ・ガルシア,72.4,-7.3,Diego Garcia
174,ディリ,125.6,-8.583333333,Dili
175,ジブチ,43.15,11.58333333,Djibouti
176,ドーハ,51.533333,25.28333333,Doha
177,ダグラス,-4.483333,54.15,Douglas
178,ダブリン,-6.233333,53.31666667,Dublin
179,ドゥシャンベ,68.766667,38.55,Dushanbe
180,フリータウン,-13.233333,8.483333333,Freetown
181,フナフティ,179.216667,-8.516666667,Funafuti
182,ハボローネ,25.9,-24.63333333,Gaborone
183,ジョージタウン,-81.383333,19.3,George Town
184,ジョージタウン,-58.15,6.8,Georgetown
185,ジブラルタル,-5.35,36.13333333,Gibraltar
186,グランドターク,-71.133333,21.46666667,Grand Turk
187,グアテマラシティ,-90.516667,14.61666667,Guatemala City
188,グスタビア,-62.85,17.88333333,Gustavia
189,ハガニャ,144.733333,13.46666667,Hagatna
190,ハミルトン,-64.783333,32.28333333,Hamilton
191,ハノイ,105.85,21.03333333,Hanoi
192,ハラレ,31.033333,-17.81666667,Harare
193,ハルゲイサ,44.05,9.55,Hargeisa
194,ハバナ,-82.35,23.11666667,Havana
195,ヘルシンキ,24.933333,60.16666667,Helsinki
196,ホニアラ,159.95,-9.433333333,Honiara
197,ヒューストン,-95.363,29.763,Houston
198,イスラマバード,73.05,33.68333333,Islamabad
199,ジャカルタ,106.816667,-6.166666667,Jakarta
200,ジェームズタウン,-5.716667,-15.93333333,Jamestown
201,エルサレム,35.233333,31.76666667,Jerusalem
202,エルサレム,35.233333,31.76666667,Jerusalem
203,ジュバ,31.616667,4.85,Juba
204,カブール,69.183333,34.51666667,Kabul
205,カブール,69.183333,34.51666667,Kabul
206,カンパラ,32.55,0.316666667,Kampala
207,カトマンズ,85.316667,27.71666667,Kathmandu
208,ハルツーム,32.533333,15.6,Khartoum
209,キガリ,30.05,-1.95,Kigali
210,キングエドワードポイント,-36.5,-54.283333,King Edward Point
211,キングストン,-76.8,18,Kingston
212,キングストン,167.966667,-29.05,Kingston
213,キングスタウン,-61.216667,13.13333333,Kingstown
214,キンシャサ,15.3,-4.316666667,Kinshasa
215,クアラルンプール,101.7,3.166666667,Kuala Lumpur
216,クウェートシティ,47.966667,29.36666667,Kuwait City
217,キエフ,30.516667,50.43333333,Kyiv
218,ラパス,-68.15,-16.5,La Paz
219,リーブルビル,9.45,0.383333333,Libreville
220,リロングウェ,33.783333,-13.96666667,Lilongwe
221,リマ,-77.05,-12.05,Lima
222,リスボン,-9.133333,38.71666667,Lisbon
223,リュブリャナ,14.516667,46.05,Ljubljana
224,ロメ,1.216667,6.116666667,Lome
225,ロングイェールビーン,15.633333,78.21666667,Longyearbyen
226,ルアンダ,13.216667,-8.833333333,Luanda
227,ルサカ,28.283333,-15.41666667,Lusaka
228,ルクセンブルク,6.116667,49.6,Luxembourg
229,マドリード,-3.683333,40.4,Madrid
230,マジュロ,171.383333,7.1,Majuro
231,マラボ,8.783333,3.75,Malabo
232,マーレ,73.5,4.166666667,Male
233,マナグア,-86.25,12.13333333,Managua
234,マナーマ,50.566667,26.23333333,Manama
235,マンハッタン,-73.966,40.783,Manhattan
236,マニラ,120.966667,14.6,Manila
237,マプト,32.583333,-25.95,Maputo
238,マリエハムン,19.9,60.116667,Mariehamn
239,マリエハムン,19.9,60.116667,Mariehamn
240,マリゴ,-63.0822,18.0731,Marigot
241,マセル,27.483333,-29.31666667,Maseru
242,マタウツ,-171.933333,-13.95,Mata-Utu
243,ムババネ,31.133333,-26.31666667,Mbabane
244,メレケオク,134.633333,7.483333333,Melekeok
245,メキシコシティ,-99.133333,19.43333333,Mexico City
246,ミンスク,27.566667,53.9,Minsk
247,モガディシュ,45.333333,2.066666667,Mogadishu
248,モナコ,7.416667,43.73333333,Monaco
249,モンロビア,-10.8,6.3,Monrovia
250,モンテビデオ,-56.166667,-34.85,Montevideo
251,モロニ,43.233333,-11.7,Moroni
252,モスクワ,37.6,55.75,Moscow
253,マスカット,58.583333,23.61666667,Muscat
254,ナイロビ,36.816667,-1.283333333,Nairobi
255,ナッソー,-77.35,25.08333333,Nassau
256,ニューデリー,77.2,28.6,New Delhi
257,ニアメ,2.116667,13.51666667,Niamey
258,ニコシア,33.366667,35.16666667,Nicosia
259,北ニコシア,33.366667,35.183333,North Nicosia
260,ヌアクショット,-15.966667,18.06666667,Nouakchott
261,ヌメア,166.45,-22.26666667,Noumea
262,ヌクアロファ,-175.2,-21.13333333,Nuku’alofa
263,ヌーク,-51.75,64.18333333,Nuuk
264,ンジャメナ,15.033333,12.1,N’Djamena
265,オラニエスタッド,-70.033333,12.51666667,Oranjestad
266,オスロ,10.75,59.91666667,Oslo
267,オタワ,-75.7,45.41666667,Ottawa
268,ワガドゥグー,-1.516667,12.36666667,Ouagadougou
269,パゴパゴ,-170.7,-14.26666667,Pago Pago
270,パゴパゴ,-170.7,-14.26666667,Pago Pago
271,パリキール,158.15,6.916666667,Palikir
272,パナマシティ,-79.533333,8.966666667,Panama City
273,パペーテ,-149.566667,-17.53333333,Papeete
274,パラマリボ,-55.166667,5.833333333,Paramaribo
275,フィラデルフィア,-75.164,39.952,Philadelphia
276,フィリップスバーグ,-63.033333,18.01666667,Philipsburg
277,プノンペン,104.916667,11.55,Phnom Penh
278,フェニックス,-112.074,33.448,Phoenix
279,プリマス,-62.216667,16.7,Plymouth
280,ポドゴリツァ,19.266667,42.43333333,Podgorica
281,ポートルイス,57.483333,-20.15,Port Louis
282,ポートモレスビー,147.183333,-9.45,Port Moresby
283,ポートオブスペイン,-61.516667,10.65,Port of Spain
284,ポートビラ,168.316667,-17.73333333,Port-Vila
285,ポルトープランス,-72.333333,18.53333333,Port-au-Prince
286,ポール・オー・フランセ,70.216667,-49.35,Port-aux-FranÃ§ais
287,ポルトノボ,2.616667,6.483333333,Porto-Novo
288,プラハ,14.466667,50.08333333,Prague
289,プライア,-23.516667,14.91666667,Praia
290,プレトリア,28.216667,-25.7,Pretoria
291,プリシュティナ,21.166667,42.66666667,Pristina
292,平壌,125.75,39.01666667,Pyongyang
293,キト,-78.5,-0.216666667,Quito
294,ラバト,-6.816667,34.01666667,Rabat
295,ラングーン,96.15,16.8,Rangoon
296,レイキャビク,-21.95,64.15,Reykjavik
297,リガ,24.1,56.95,Riga
298,リヤド,46.7,24.65,Riyadh
299,ロードタウン,-64.616667,18.41666667,Road Town
300,ローマ,12.483333,41.9,Rome
301,ローゾー,-61.4,15.3,Roseau
302,セントジョージズ,-61.75,12.05,Saint George’s
303,セントヘリア,-2.1,49.18333333,Saint Helier
304,セントジョンズ,-61.85,17.11666667,Saint John’s
305,セントピーター・ポート,-2.533333,49.45,Saint Peter Port
306,サンピエール,-56.183333,46.76666667,Saint-Pierre
307,サイパン,145.75,15.2,Saipan
308,サンアントニオ,-98.494,29.424,San Antonio
309,サンディエゴ,-117.165,32.716,San Diego
310,サンノゼ,-84.083333,9.933333333,San Jose
311,サンファン,-66.116667,18.46666667,San Juan
312,サンマリノ,12.416667,43.93333333,San Marino
313,サンサルバドル,-89.2,13.7,San Salvador
314,サナア,44.2,15.35,Sanaa
315,サンティアゴ,-70.666667,-33.45,Santiago
316,サントドミンゴ,-69.9,18.46666667,Santo Domingo
317,サントメ,6.733333,0.333333333,Sao Tome
318,サラエボ,18.416667,43.86666667,Sarajevo
319,シアトル,-122.335,47.608,Seattle
320,ソウル,126.983333,37.55,Seoul
321,シンガポール,103.85,1.283333333,Singapore
322,スコピエ,21.433333,42,Skopje
323,ソフィア,23.316667,42.68333333,Sofia
324,スタンレー,-57.85,-51.7,Stanley
325,ストックホルム,18.05,59.33333333,Stockholm
326,スバ,178.416667,-18.13333333,Suva
327,台北,121.516667,25.03333333,Taipei
328,タリン,24.716667,59.43333333,Tallinn
329,タラワ,169.533333,-0.883333333,Tarawa
330,タシケント,69.25,41.31666667,Tashkent
331,トビリシ,44.833333,41.68333333,Tbilisi
332,テグシガルパ,-87.216667,14.1,Tegucigalpa
333,テヘラン,51.416667,35.7,Tehran
334,ザ・セトルメント,105.716667,-10.41666667,The Settlement
335,ザ・バレー,-63.05,18.21666667,The Valley
336,ティンプー,89.633333,27.46666667,Thimphu
337,ティラナ,19.816667,41.31666667,Tirana
338,ティラナ,19.816667,41.31666667,Tirana
339,トルスハウン,-6.766667,62,Torshavn
340,トリポリ,13.166667,32.88333333,Tripoli
341,チュニス,10.183333,36.8,Tunis
342,ウランバートル,106.916667,47.91666667,Ulaanbaatar
343,ファドゥーツ,9.516667,47.13333333,Vaduz
344,ヴァレッタ,14.5,35.88333333,Valletta
345,バチカン市国,12.45,41.9,Vatican City
346,ビクトリア,55.45,-4.616666667,Victoria
347,ウィーン,16.366667,48.2,Vienna
348,ヴィエンチャン,102.6,17.96666667,Vientiane
349,ヴィリニュス,25.316667,54.68333333,Vilnius
350,ワルシャワ,21,52.25,Warsaw
351,ワシントン,120.74,47.751,Washington
352,ワシントンD.C.,-77,38.883333,"Washington, D.C."
353,ワシントンD.C.,-77,38.883333,"Washington, D.C."
354,ウェリントン,174.783333,-41.3,Wellington
355,ウエストアイランド,96.833333,-12.16666667,West Island
356,ウィレムスタット,-68.916667,12.1,Willemstad
357,ウィントフック,17.083333,-22.56666667,Windhoek
358,ヤムスクロ,-5.266667,6.816666667,Yamoussoukro
359,ヤウンデ,11.516667,3.866666667,Yaounde
360,ヤレン,166.920867,-0.5477,Yaren
361,エレバン,44.5,40.16666667,Yerevan
362,ザグレブ,16,45.8,Zagreb
